EUVD_ID,Alt_IDs,CVSS,Risk Level,Product,Vendor,Summary,Updated
EUVD-2025-14406,"CVE-2025-24063, ",7.8,High,"Windows Server 2008 R2 Service Pack 1 (Server Core installation), Windows Server 2016 (Server Core installation), Windows Server 2022, Windows 11 version 22H2, Windows Server 2022, 23H2 Edition (Server Core installation), Windows Server 2012 (Server Core installation), Windows Server 2025, Windows Server 2012, Windows 10 Version 1809, Windows Server 2008 Service Pack 2, Windows Server 2012 R2 (Server Core installation), Windows Server 2012 R2, Windows Server 2008 R2 Service Pack 1, Windows Server 2019 (Server Core installation), Windows Server 2008  Service Pack 2, Windows 11 Version 23H2, Windows 10 Version 1607, Windows 10 Version 22H2, Windows Server 2019, Windows 10 Version 1507, Windows Server 2025 (Server Core installation), Windows 11 version 22H3, Windows 10 Version 21H2, Windows Server 2008 Service Pack 2 (Server Core installation), Windows 11 Version 24H2, Windows Server 2016",Microsoft,Heap-based buffer overflow in Windows Kernel allows an authorized attacker to elevate privileges locally.,"May 17, 2025, 2:33:04 AM"
EUVD-2025-14407,"CVE-2025-32707, ",7.8,High,"Windows Server 2008 Service Pack 2 (Server Core installation), Windows Server 2019 (Server Core installation), Windows Server 2008  Service Pack 2, Windows Server 2008 R2 Service Pack 1, Windows Server 2012 R2 (Server Core installation), Windows Server 2008 R2 Service Pack 1 (Server Core installation), Windows 10 Version 1809, Windows Server 2019, Windows 10 Version 1507, Windows Server 2012 (Server Core installation), Windows Server 2016 (Server Core installation), Windows Server 2008 Service Pack 2, Windows Server 2012, Windows 10 Version 1607, Windows Server 2016, Windows Server 2012 R2",Microsoft,Out-of-bounds read in Windows NTFS allows an unauthorized attacker to elevate privileges locally.,"May 17, 2025, 2:33:00 AM"
EUVD-2025-14411,"CVE-2025-30397, ",7.5,High,"Windows Server 2022, 23H2 Edition (Server Core installation), Windows Server 2019 (Server Core installation), Windows Server 2025 (Server Core installation), Windows Server 2012 R2, Windows Server 2012 R2 (Server Core installation), Windows Server 2019, Windows 10 Version 1607, Windows 11 version 22H2, Windows Server 2008  Service Pack 2, Windows 10 Version 21H2, Windows Server 2016, Windows Server 2016 (Server Core installation), Windows Server 2012 (Server Core installation), Windows 10 Version 1809, Windows 11 Version 23H2, Windows 10 Version 22H2, Windows Server 2008 Service Pack 2 (Server Core installation), Windows Server 2025, Windows 11 Version 24H2, Windows 10 Version 1507, Windows Server 2022, Windows Server 2008 R2 Service Pack 1, Windows Server 2008 Service Pack 2, Windows 11 version 22H3, Windows Server 2012, Windows Server 2008 R2 Service Pack 1 (Server Core installation)",Microsoft,Access of resource using incompatible type ('type confusion') in Microsoft Scripting Engine allows an unauthorized attacker to execute code over a network.,"May 17, 2025, 2:32:58 AM"
EUVD-2025-14412,"CVE-2025-30388, ",7.8,High,"Windows 11 version 22H2, Windows Server 2022, 23H2 Edition (Server Core installation), Windows Server 2008 R2 Service Pack 1, Windows 10 Version 1809, Windows 10 Version 21H2, Windows Server 2012, Windows Server 2012 (Server Core installation), Windows Server 2012 R2, Windows Server 2008  Service Pack 2, Windows Server 2008 Service Pack 2 (Server Core installation), Windows 11 Version 24H2, Windows Server 2008 Service Pack 2, Windows Server 2012 R2 (Server Core installation), Microsoft Office for Android, Windows Server 2016 (Server Core installation), Windows 10 Version 22H2, Microsoft Office LTSC for Mac 2024, Windows Server 2019 (Server Core installation), Windows Server 2025 (Server Core installation), Windows Server 2025, Microsoft Office for Universal, Windows Server 2016, Windows 10 Version 1507, Microsoft Office LTSC for Mac 2021, Windows 11 version 22H3, Windows 10 Version 1607, Windows Server 2019, Windows Server 2022, Windows Server 2008 R2 Service Pack 1 (Server Core installation), Windows 11 Version 23H2",Microsoft,Heap-based buffer overflow in Windows Win32K - GRFX allows an unauthorized attacker to execute code locally.,"May 17, 2025, 2:32:57 AM"
EUVD-2025-14414,"CVE-2025-29974, ",5.7,Medium,"Windows Server 2008 Service Pack 2 (Server Core installation), Windows Server 2008 R2 Service Pack 1 (Server Core installation), Windows Server 2012 R2 (Server Core installation), Windows Server 2022, 23H2 Edition (Server Core installation), Windows Server 2025, Windows Server 2012 R2, Windows Server 2012, Windows 11 version 22H2, Windows Server 2019 (Server Core installation), Windows Server 2012 (Server Core installation), Windows Server 2008 Service Pack 2, Windows 11 version 22H3, Windows Server 2025 (Server Core installation), Windows 10 Version 1607, Windows 10 Version 22H2, Windows Server 2022, Windows 11 Version 23H2, Windows Server 2016, Windows Server 2019, Windows 10 Version 21H2, Windows Server 2008  Service Pack 2, Windows 10 Version 1507, Windows Server 2016 (Server Core installation), Windows 11 Version 24H2, Windows 10 Version 1809, Windows Server 2008 R2 Service Pack 1",Microsoft,Integer underflow (wrap or wraparound) in Windows Kernel allows an unauthorized attacker to disclose information over an adjacent network.,"May 17, 2025, 2:32:56 AM"
EUVD-2025-14413,"CVE-2025-30385, ",7.8,High,"Windows 11 Version 24H2, Windows Server 2008 R2 Service Pack 1 (Server Core installation), Windows Server 2008 Service Pack 2, Windows Server 2012, Windows 10 Version 1809, Windows 11 version 22H3, Windows Server 2008 Service Pack 2 (Server Core installation), Windows Server 2019 (Server Core installation), Windows Server 2008  Service Pack 2, Windows Server 2012 R2 (Server Core installation), Windows 10 Version 21H2, Windows Server 2012 R2, Windows Server 2019, Windows 11 Version 23H2, Windows Server 2008 R2 Service Pack 1, Windows Server 2025, Windows 10 Version 1507, Windows Server 2016, Windows Server 2012 (Server Core installation), Windows Server 2022, Windows Server 2016 (Server Core installation), Windows Server 2022, 23H2 Edition (Server Core installation), Windows 11 version 22H2, Windows Server 2025 (Server Core installation), Windows 10 Version 1607, Windows 10 Version 22H2",Microsoft,Use after free in Windows Common Log File System Driver allows an authorized attacker to elevate privileges locally.,"May 17, 2025, 2:32:56 AM"
EUVD-2025-14416,"CVE-2025-29962, ",8.8,High,"Windows 10 Version 21H2, Windows Server 2008 R2 Service Pack 1 (Server Core installation), Windows Server 2025 (Server Core installation), Windows Server 2008  Service Pack 2, Windows Server 2016 (Server Core installation), Windows Server 2012 R2, Windows Server 2025, Windows Server 2008 Service Pack 2 (Server Core installation), Windows 10 Version 22H2, Windows 11 version 22H3, Windows 11 Version 24H2, Windows Server 2019 (Server Core installation), Windows Server 2016, Windows Server 2012 (Server Core installation), Windows Server 2019, Windows 11 version 22H2, Windows 10 Version 1809, Windows 10 Version 1507, Windows Server 2008 Service Pack 2, Windows Server 2022, Windows Server 2008 R2 Service Pack 1, Windows Server 2012, Windows 10 Version 1607, Windows 11 Version 23H2, Windows Server 2022, 23H2 Edition (Server Core installation), Windows Server 2012 R2 (Server Core installation)",Microsoft,Heap-based buffer overflow in Windows Media allows an unauthorized attacker to execute code over a network.,"May 17, 2025, 2:32:55 AM"
EUVD-2025-14415,"CVE-2025-29963, ",8.8,High,"Windows Server 2025 (Server Core installation), Windows Server 2022, 23H2 Edition (Server Core installation), Windows 11 Version 24H2, Windows Server 2019, Windows 11 Version 23H2, Windows 11 version 22H3, Windows 11 version 22H2, Windows 10 Version 21H2, Windows Server 2025, Windows 10 Version 22H2, Windows Server 2022, Windows 10 Version 1809, Windows Server 2019 (Server Core installation)",Microsoft,Heap-based buffer overflow in Windows Media allows an unauthorized attacker to execute code over a network.,"May 17, 2025, 2:32:55 AM"
EUVD-2025-14418,"CVE-2025-29958, ",6.5,Medium,"Windows 11 version 22H2, Windows 10 Version 22H2, Windows Server 2019 (Server Core installation), Windows Server 2025, Windows Server 2012 (Server Core installation), Windows 11 Version 24H2, Windows Server 2012 R2, Windows Server 2008 R2 Service Pack 1 (Server Core installation), Windows 10 Version 1507, Windows Server 2016 (Server Core installation), Windows 10 Version 21H2, Windows 10 Version 1607, Windows Server 2022, 23H2 Edition (Server Core installation), Windows Server 2008  Service Pack 2, Windows Server 2008 Service Pack 2 (Server Core installation), Windows 11 version 22H3, Windows Server 2019, Windows Server 2016, Windows Server 2022, Windows 11 Version 23H2, Windows Server 2025 (Server Core installation), Windows Server 2008 R2 Service Pack 1, Windows Server 2012 R2 (Server Core installation), Windows Server 2008 Service Pack 2, Windows Server 2012, Windows 10 Version 1809",Microsoft,Use of uninitialized resource in Windows Routing and Remote Access Service (RRAS) allows an unauthorized attacker to disclose information over a network.,"May 17, 2025, 2:32:54 AM"
EUVD-2025-14417,"CVE-2025-29961, ",6.5,Medium,"Windows Server 2016 (Server Core installation), Windows Server 2012, Windows Server 2016, Windows Server 2008  Service Pack 2, Windows 10 Version 22H2, Windows Server 2008 R2 Service Pack 1, Windows Server 2008 R2 Service Pack 1 (Server Core installation), Windows 11 version 22H3, Windows Server 2019 (Server Core installation), Windows Server 2008 Service Pack 2, Windows Server 2022, 23H2 Edition (Server Core installation), Windows 11 Version 24H2, Windows Server 2012 R2 (Server Core installation), Windows 10 Version 1507, Windows Server 2025 (Server Core installation), Windows 11 version 22H2, Windows Server 2012 (Server Core installation), Windows 10 Version 1607, Windows Server 2008 Service Pack 2 (Server Core installation), Windows Server 2019, Windows 10 Version 1809, Windows Server 2012 R2, Windows Server 2025, Windows Server 2022, Windows 11 Version 23H2, Windows 10 Version 21H2",Microsoft,Out-of-bounds read in Windows Routing and Remote Access Service (RRAS) allows an unauthorized attacker to disclose information over a network.,"May 17, 2025, 2:32:54 AM"
EUVD-2025-14419,"CVE-2025-29957, ",6.2,Medium,"Windows Server 2008 Service Pack 2 (Server Core installation), Windows Server 2022, Windows Server 2016 (Server Core installation), Windows 10 Version 1809, Windows 10 Version 21H2, Windows 11 version 22H2, Windows 11 version 22H3, Windows Server 2025, Windows Server 2012 R2, Windows 10 Version 1507, Windows Server 2012 R2 (Server Core installation), Windows Server 2008 R2 Service Pack 1 (Server Core installation), Windows Server 2019 (Server Core installation), Windows Server 2008 R2 Service Pack 1, Windows 11 Version 24H2, Windows Server 2019, Windows Server 2022, 23H2 Edition (Server Core installation), Windows 10 Version 22H2, Windows Server 2012 (Server Core installation), Windows Server 2025 (Server Core installation), Windows Server 2008  Service Pack 2, Windows 10 Version 1607, Windows Server 2016, Windows 11 Version 23H2, Windows Server 2008 Service Pack 2, Windows Server 2012",Microsoft,Uncontrolled resource consumption in Windows Deployment Services allows an unauthorized attacker to deny service locally.,"May 17, 2025, 2:32:53 AM"
EUVD-2025-14420,"CVE-2025-29956, ",5.4,Medium,"Windows Server 2022, Windows Server 2008 R2 Service Pack 1 (Server Core installation), Windows Server 2008  Service Pack 2, Windows Server 2025 (Server Core installation), Windows 10 Version 1507, Windows Server 2019, Windows Server 2008 Service Pack 2 (Server Core installation), Windows 10 Version 22H2, Windows Server 2022, 23H2 Edition (Server Core installation), Windows Server 2012 R2 (Server Core installation), Windows Server 2016 (Server Core installation), Windows 11 Version 23H2, Windows Server 2012 (Server Core installation), Windows Server 2012, Windows Server 2025, Windows 10 Version 21H2, Windows 11 version 22H2, Windows 10 Version 1607, Windows Server 2016, Windows Server 2019 (Server Core installation), Windows Server 2008 R2 Service Pack 1, Windows 11 version 22H3, Windows Server 2008 Service Pack 2, Windows 11 Version 24H2, Windows 10 Version 1809, Windows Server 2012 R2",Microsoft,Buffer over-read in Windows SMB allows an authorized attacker to disclose information over a network.,"May 17, 2025, 2:32:52 AM"
EUVD-2025-14423,"CVE-2025-29842, ",7.5,High,"Windows 10 Version 1607, Windows Server 2025 (Server Core installation), Windows 10 Version 1507, Windows Server 2016 (Server Core installation), Windows 11 version 22H2, Windows Server 2016, Windows Server 2022, 23H2 Edition (Server Core installation), Windows Server 2019, Windows 11 version 22H3, Windows Server 2022, Windows 10 Version 1809, Windows Server 2019 (Server Core installation), Windows 10 Version 21H2, Windows 11 Version 24H2, Windows 11 Version 23H2, Windows Server 2025, Windows 10 Version 22H2",Microsoft,Acceptance of extraneous untrusted data with trusted data in UrlMon allows an unauthorized attacker to bypass a security feature over a network.,"May 17, 2025, 2:32:51 AM"
EUVD-2025-14422,"CVE-2025-29954, ",5.9,Medium,"Windows Server 2012 R2, Windows 10 Version 1607, Windows Server 2022, Windows Server 2019 (Server Core installation), Windows 10 Version 22H2, Windows 10 Version 21H2, Windows Server 2012 R2 (Server Core installation), Windows 10 Version 1809, Windows Server 2016 (Server Core installation), Windows Server 2008  Service Pack 2, Windows Server 2008 R2 Service Pack 1, Windows Server 2022, 23H2 Edition (Server Core installation), Windows Server 2016, Windows Server 2012 (Server Core installation), Windows Server 2012, Windows 11 Version 23H2, Windows 10 Version 1507, Windows Server 2019, Windows 11 version 22H3, Windows Server 2008 Service Pack 2 (Server Core installation), Windows Server 2008 Service Pack 2, Windows 11 version 22H2, Windows Server 2008 R2 Service Pack 1 (Server Core installation)",Microsoft,Uncontrolled resource consumption in Windows LDAP - Lightweight Directory Access Protocol allows an unauthorized attacker to deny service over a network.,"May 17, 2025, 2:32:51 AM"
EUVD-2025-14425,"CVE-2025-29840, ",8.8,High,"Windows Server 2016 (Server Core installation), Windows 10 Version 22H2, Windows Server 2019, Windows Server 2022, Windows Server 2016, Windows 11 version 22H2, Windows Server 2022, 23H2 Edition (Server Core installation), Windows 11 version 22H3, Windows Server 2019 (Server Core installation), Windows 10 Version 1809, Windows 11 Version 23H2, Windows 10 Version 21H2, Windows 10 Version 1507, Windows 10 Version 1607",Microsoft,Stack-based buffer overflow in Windows Media allows an unauthorized attacker to execute code over a network.,"May 17, 2025, 2:32:50 AM"
EUVD-2025-14424,"CVE-2025-29841, ",7.0,High,"Windows 10 Version 22H2, Windows Server 2022, Windows Server 2022, 23H2 Edition (Server Core installation), Windows 11 version 22H3, Windows 10 Version 21H2, Windows Server 2025 (Server Core installation), Windows 11 version 22H2, Windows 11 Version 24H2, Windows Server 2025, Windows 11 Version 23H2",Microsoft,Concurrent execution using shared resource with improper synchronization ('race condition') in Universal Print Management Service allows an authorized attacker to elevate privileges locally.,"May 17, 2025, 2:32:50 AM"
EUVD-2025-14426,"CVE-2025-29839, ",4.0,Medium,"Windows Server 2025, Windows Server 2008  Service Pack 2, Windows 10 Version 21H2, Windows 11 Version 24H2, Windows Server 2008 Service Pack 2, Windows Server 2008 R2 Service Pack 1, Windows Server 2022, 23H2 Edition (Server Core installation), Windows 10 Version 1607, Windows Server 2025 (Server Core installation), Windows 10 Version 22H2, Windows Server 2022, Windows 10 Version 1507, Windows 11 Version 23H2, Windows Server 2008 R2 Service Pack 1 (Server Core installation), Windows Server 2012 R2 (Server Core installation), Windows Server 2019 (Server Core installation), Windows Server 2012 (Server Core installation), Windows 11 version 22H3, Windows 10 Version 1809, Windows Server 2016 (Server Core installation), Windows Server 2012 R2, Windows Server 2008 Service Pack 2 (Server Core installation), Windows 11 version 22H2, Windows Server 2012, Windows Server 2016, Windows Server 2019",Microsoft,Out-of-bounds read in Windows File Server allows an unauthorized attacker to disclose information locally.,"May 17, 2025, 2:32:49 AM"
EUVD-2025-14428,"CVE-2025-29837, ",5.5,Medium,"Windows Server 2008  Service Pack 2, Windows Server 2012 R2, Windows 10 Version 22H2, Windows Server 2022, 23H2 Edition (Server Core installation), Windows 10 Version 21H2, Windows Server 2025, Windows Server 2016, Windows 10 Version 1607, Windows Server 2019 (Server Core installation), Windows 10 Version 1507, Windows Server 2008 R2 Service Pack 1, Windows Server 2012 (Server Core installation), Windows Server 2016 (Server Core installation), Windows 11 Version 23H2, Windows 10 Version 1809, Windows Server 2008 R2 Service Pack 1 (Server Core installation), Windows Server 2008 Service Pack 2 (Server Core installation), Windows Server 2012 R2 (Server Core installation), Windows Server 2019, Windows 11 version 22H2, Windows 11 version 22H3, Windows Server 2025 (Server Core installation), Windows Server 2012, Windows 11 Version 24H2, Windows Server 2008 Service Pack 2, Windows Server 2022",Microsoft,Improper link resolution before file access ('link following') in Windows Installer allows an authorized attacker to disclose information locally.,"May 17, 2025, 2:32:48 AM"
EUVD-2025-14430,"CVE-2025-29835, ",6.5,Medium,"Windows 10 Version 1809, Windows Server 2012 R2 (Server Core installation), Windows Server 2012 (Server Core installation), Windows 11 Version 23H2, Windows Server 2008 R2 Service Pack 1 (Server Core installation), Windows Server 2016, Windows 11 Version 24H2, Windows 11 version 22H3, Windows Server 2019 (Server Core installation), Windows Server 2008 R2 Service Pack 1, Windows Server 2019, Windows Server 2012, Windows 10 Version 22H2, Windows 10 Version 1607, Windows Server 2025 (Server Core installation), Windows Server 2022, Windows Server 2022, 23H2 Edition (Server Core installation), Windows 10 Version 21H2, Windows Server 2016 (Server Core installation), Windows Server 2025, Windows 11 version 22H2, Windows Server 2012 R2, Windows 10 Version 1507",Microsoft,Out-of-bounds read in Windows Routing and Remote Access Service (RRAS) allows an unauthorized attacker to disclose information over a network.,"May 17, 2025, 2:32:47 AM"
EUVD-2025-14429,"CVE-2025-29836, ",6.5,Medium,"Windows Server 2012, Windows Server 2012 R2 (Server Core installation), Windows Server 2019 (Server Core installation), Windows 11 version 22H2, Windows Server 2025 (Server Core installation), Windows Server 2012 (Server Core installation), Windows Server 2019, Windows Server 2008  Service Pack 2, Windows 10 Version 1809, Windows Server 2016, Windows 11 version 22H3, Windows 10 Version 22H2, Windows Server 2008 Service Pack 2, Windows Server 2016 (Server Core installation), Windows Server 2008 Service Pack 2 (Server Core installation), Windows Server 2025, Windows Server 2022, 23H2 Edition (Server Core installation), Windows 10 Version 21H2, Windows Server 2008 R2 Service Pack 1, Windows Server 2012 R2, Windows 10 Version 1507, Windows 11 Version 23H2, Windows Server 2022, Windows 10 Version 1607, Windows 11 Version 24H2, Windows Server 2008 R2 Service Pack 1 (Server Core installation)",Microsoft,Out-of-bounds read in Windows Routing and Remote Access Service (RRAS) allows an unauthorized attacker to disclose information over a network.,"May 17, 2025, 2:32:47 AM"
EUVD-2025-14432,"CVE-2025-29832, ",6.5,Medium,"Windows Server 2012 R2 (Server Core installation), Windows 11 version 22H3, Windows Server 2008 Service Pack 2 (Server Core installation), Windows Server 2016, Windows Server 2019, Windows 10 Version 1607, Windows Server 2008 R2 Service Pack 1, Windows Server 2008 Service Pack 2, Windows Server 2025, Windows 11 Version 23H2, Windows Server 2019 (Server Core installation), Windows Server 2012 R2, Windows Server 2008  Service Pack 2, Windows Server 2012, Windows Server 2022, 23H2 Edition (Server Core installation), Windows 11 version 22H2, Windows Server 2022, Windows Server 2012 (Server Core installation), Windows 11 Version 24H2, Windows Server 2025 (Server Core installation), Windows Server 2008 R2 Service Pack 1 (Server Core installation), Windows 10 Version 21H2, Windows 10 Version 22H2, Windows 10 Version 1507, Windows Server 2016 (Server Core installation), Windows 10 Version 1809",Microsoft,Out-of-bounds read in Windows Routing and Remote Access Service (RRAS) allows an unauthorized attacker to disclose information over a network.,"May 17, 2025, 2:32:46 AM"
EUVD-2025-14431,"CVE-2025-29833, ",7.7,High,"Windows Server 2019, Windows 11 Version 24H2, Windows Server 2022, 23H2 Edition (Server Core installation), Windows Server 2022, Windows 11 Version 23H2, Windows 10 Version 1809, Windows Server 2025, Windows Server 2025 (Server Core installation), Windows Server 2012 R2, Windows Server 2019 (Server Core installation), Windows 11 version 22H2, Windows Server 2016 (Server Core installation), Windows 10 Version 1507, Windows 10 Version 21H2, Windows 11 version 22H3, Windows Server 2016, Windows Server 2012 (Server Core installation), Windows Server 2012 R2 (Server Core installation), Windows Server 2012, Windows 10 Version 1607, Windows 10 Version 22H2",Microsoft,Time-of-check time-of-use (toctou) race condition in Windows Virtual Machine Bus allows an unauthorized attacker to execute code locally.,"May 17, 2025, 2:32:46 AM"
EUVD-2025-14435,"CVE-2025-29829, ",5.5,Medium,"Windows 10 Version 21H2, Windows 11 version 22H2, Windows 11 Version 23H2, Windows 10 Version 1607, Windows Server 2022, Windows Server 2016 (Server Core installation), Windows Server 2022, 23H2 Edition (Server Core installation), Windows 11 version 22H3, Windows 10 Version 1809, Windows Server 2019, Windows Server 2025, Windows 10 Version 22H2, Windows Server 2025 (Server Core installation), Windows 11 Version 24H2, Windows Server 2016, Windows Server 2019 (Server Core installation), Windows 10 Version 1507",Microsoft,Use of uninitialized resource in Windows Trusted Runtime Interface Driver allows an authorized attacker to disclose information locally.,"May 17, 2025, 2:32:44 AM"
EUVD-2025-14434,"CVE-2025-29830, ",6.5,Medium,"Windows 11 Version 23H2, Windows 10 Version 1507, Windows Server 2012 R2, Windows Server 2008 R2 Service Pack 1 (Server Core installation), Windows 10 Version 21H2, Windows 11 version 22H3, Windows Server 2025 (Server Core installation), Windows Server 2016 (Server Core installation), Windows Server 2008 Service Pack 2 (Server Core installation), Windows Server 2025, Windows Server 2012 (Server Core installation), Windows Server 2016, Windows 10 Version 1809, Windows Server 2008 R2 Service Pack 1, Windows Server 2008 Service Pack 2, Windows 11 version 22H2, Windows 10 Version 1607, Windows 10 Version 22H2, Windows Server 2012, Windows Server 2012 R2 (Server Core installation), Windows Server 2019, Windows Server 2022, Windows Server 2019 (Server Core installation), Windows 11 Version 24H2, Windows Server 2008  Service Pack 2, Windows Server 2022, 23H2 Edition (Server Core installation)",Microsoft,Use of uninitialized resource in Windows Routing and Remote Access Service (RRAS) allows an unauthorized attacker to disclose information over a network.,"May 17, 2025, 2:32:44 AM"
EUVD-2025-14437,"CVE-2025-27488, ",6.7,Medium,"Windows 10 HLK version 20H2, Windows 10 HLK Version 1809, Windows HLK for Windows Server 2025, Windows 11 HLK 24H2, Windows 10 HLK version 21H2, Windows 10 HLK Version 22H2, Windows HLK for Windows 10 version 2004, Windows HLK for Windows Server 2022, Windows 10 HLK version 21H1, Windows 11 HLK 22H2, Windows HLK for Windows Server 2019",Microsoft,Use of hard-coded credentials in Windows Hardware Lab Kit allows an authorized attacker to elevate privileges locally.,"May 17, 2025, 2:32:43 AM"
EUVD-2025-14439,"CVE-2025-32709, ",7.8,High,"Windows 11 version 22H2, Windows Server 2012 R2 (Server Core installation), Windows Server 2019, Windows Server 2019 (Server Core installation), Windows Server 2008  Service Pack 2, Windows Server 2008 Service Pack 2 (Server Core installation), Windows Server 2025 (Server Core installation), Windows Server 2008 R2 Service Pack 1, Windows Server 2008 R2 Service Pack 1 (Server Core installation), Windows Server 2012 (Server Core installation), Windows Server 2016 (Server Core installation), Windows Server 2022, 23H2 Edition (Server Core installation), Windows Server 2012, Windows 10 Version 22H2, Windows Server 2016, Windows 10 Version 1809, Windows 10 Version 21H2, Windows 11 Version 24H2, Windows Server 2008 Service Pack 2, Windows Server 2022, Windows 10 Version 1607, Windows Server 2025, Windows 11 version 22H3, Windows 11 Version 23H2, Windows 10 Version 1507, Windows Server 2012 R2",Microsoft,Use after free in Windows Ancillary Function Driver for WinSock allows an authorized attacker to elevate privileges locally.,"May 17, 2025, 2:32:42 AM"
EUVD-2025-14441,"CVE-2025-32706, ",7.8,High,"Windows Server 2008  Service Pack 2, Windows 10 Version 1607, Windows 10 Version 22H2, Windows 10 Version 1507, Windows 11 Version 23H2, Windows Server 2016 (Server Core installation), Windows Server 2008 Service Pack 2 (Server Core installation), Windows Server 2008 Service Pack 2, Windows Server 2012 (Server Core installation), Windows Server 2019 (Server Core installation), Windows Server 2008 R2 Service Pack 1, Windows Server 2019, Windows Server 2025, Windows 11 version 22H2, Windows 10 Version 21H2, Windows Server 2008 R2 Service Pack 1 (Server Core installation), Windows 11 version 22H3, Windows 11 Version 24H2, Windows Server 2012 R2 (Server Core installation), Windows Server 2025 (Server Core installation), Windows Server 2022, 23H2 Edition (Server Core installation), Windows Server 2012 R2, Windows 10 Version 1809, Windows Server 2012, Windows Server 2016, Windows Server 2022",Microsoft,Improper input validation in Windows Common Log File System Driver allows an authorized attacker to elevate privileges locally.,"May 17, 2025, 2:32:40 AM"
EUVD-2025-14443,"CVE-2025-32701, ",7.8,High,"Windows Server 2012 R2, Windows Server 2022, Windows Server 2019, Windows 10 Version 1507, Windows 10 Version 1607, Windows Server 2016 (Server Core installation), Windows 11 version 22H2, Windows 10 Version 22H2, Windows 10 Version 21H2, Windows Server 2008 R2 Service Pack 1, Windows Server 2008 Service Pack 2, Windows Server 2025, Windows Server 2016, Windows Server 2008 R2 Service Pack 1 (Server Core installation), Windows Server 2008 Service Pack 2 (Server Core installation), Windows Server 2022, 23H2 Edition (Server Core installation), Windows Server 2012 R2 (Server Core installation), Windows Server 2012 (Server Core installation), Windows Server 2025 (Server Core installation), Windows Server 2012, Windows 11 Version 23H2, Windows 11 Version 24H2, Windows Server 2019 (Server Core installation), Windows 11 version 22H3, Windows Server 2008  Service Pack 2, Windows 10 Version 1809",Microsoft,Use after free in Windows Common Log File System Driver allows an authorized attacker to elevate privileges locally.,"May 17, 2025, 2:32:39 AM"
EUVD-2025-14444,"CVE-2025-30400, ",7.8,High,"Windows Server 2022, Windows Server 2025 (Server Core installation), Windows 11 Version 23H2, Windows 10 Version 21H2, Windows Server 2019 (Server Core installation), Windows Server 2019, Windows 11 version 22H2, Windows 11 version 22H3, Windows 10 Version 1809, Windows 11 Version 24H2, Windows 10 Version 22H2, Windows Server 2025, Windows Server 2022, 23H2 Edition (Server Core installation)",Microsoft,Use after free in Windows DWM allows an authorized attacker to elevate privileges locally.,"May 17, 2025, 2:32:38 AM"
EUVD-2025-14448,"CVE-2025-27468, ",7.0,High,"Windows 11 version 22H3, Windows Server 2022, 23H2 Edition (Server Core installation), Windows 10 Version 22H2, Windows Server 2012 R2, Windows 10 Version 21H2, Windows 10 Version 1507, Windows 11 Version 23H2, Windows 10 Version 1607, Windows Server 2012 (Server Core installation), Windows Server 2016 (Server Core installation), Windows Server 2022, Windows Server 2019, Windows 11 Version 24H2, Windows Server 2012 R2 (Server Core installation), Windows 10 Version 1809, Windows Server 2012, Windows Server 2016, Windows Server 2025 (Server Core installation), Windows Server 2025, Windows Server 2019 (Server Core installation), Windows 11 version 22H2",Microsoft,Improper privilege management in Windows Secure Kernel Mode allows an authorized attacker to elevate privileges locally.,"May 17, 2025, 2:32:36 AM"
EUVD-2025-14468,"CVE-2025-29969, ",7.5,High,"Windows Server 2025 (Server Core installation), Windows Server 2016 (Server Core installation), Windows 10 Version 1507, Windows Server 2008 R2 Service Pack 1, Windows 10 Version 21H2, Windows 10 Version 1809, Windows Server 2012 R2 (Server Core installation), Windows 11 Version 24H2, Windows Server 2008  Service Pack 2, Windows Server 2022, Windows Server 2012 R2, Windows 10 Version 1607, Windows 11 version 22H3, Windows Server 2025, Windows Server 2016, Windows 11 version 22H2, Windows Server 2008 Service Pack 2 (Server Core installation), Windows Server 2022, 23H2 Edition (Server Core installation), Windows 11 Version 23H2, Windows Server 2012 (Server Core installation), Windows Server 2012, Windows Server 2008 R2 Service Pack 1 (Server Core installation), Windows Server 2008 Service Pack 2, Windows Server 2019 (Server Core installation), Windows Server 2019, Windows 10 Version 22H2",Microsoft,Time-of-check time-of-use (toctou) race condition in Windows Fundamentals allows an authorized attacker to execute code over a network.,"May 17, 2025, 2:32:25 AM"
EUVD-2025-14471,"CVE-2025-29966, ",8.8,High,"Windows 10 Version 22H2, Windows Server 2025, Remote Desktop client for Windows Desktop, Windows 11 Version 23H2, Windows Server 2022, 23H2 Edition (Server Core installation), Windows Server 2022, Windows Server 2025 (Server Core installation), Windows Server 2016 (Server Core installation), Windows Server 2012 (Server Core installation), Windows Server 2019, Windows 11 Version 24H2, Windows 10 Version 1507, Windows Server 2008 R2 Service Pack 1, Windows 10 Version 1809, Windows 10 Version 21H2, Windows Server 2016, Windows Server 2008 R2 Service Pack 1 (Server Core installation), Windows Server 2012 R2 (Server Core installation), Windows 11 version 22H2, Windows Server 2012, Windows Server 2012 R2, Windows Server 2019 (Server Core installation), Windows 10 Version 1607, Windows 11 version 22H3, Windows App Client for Windows Desktop",Microsoft,Heap-based buffer overflow in Windows Remote Desktop allows an unauthorized attacker to execute code over a network.,"May 17, 2025, 2:32:23 AM"
EUVD-2025-14470,"CVE-2025-29967, ",8.8,High,"Windows 11 Version 24H2, Windows Server 2022, Windows 11 version 22H2, Windows 11 version 22H3, Windows Server 2012 (Server Core installation), Windows Server 2022, 23H2 Edition (Server Core installation), Windows Server 2025, Windows 10 Version 22H2, Windows Server 2008 R2 Service Pack 1, Windows 10 Version 1607, Windows Server 2008 R2 Service Pack 1 (Server Core installation), Windows Server 2016 (Server Core installation), Windows 10 Version 21H2, Windows Server 2016, Windows Server 2012 R2 (Server Core installation), Remote Desktop client for Windows Desktop, Windows Server 2012 R2, Windows Server 2019, Windows Server 2012, Windows Server 2019 (Server Core installation), Windows 10 Version 1507, Windows Server 2025 (Server Core installation), Windows App Client for Windows Desktop, Windows 11 Version 23H2, Windows 10 Version 1809",Microsoft,Heap-based buffer overflow in Remote Desktop Gateway Service allows an unauthorized attacker to execute code over a network.,"May 17, 2025, 2:32:23 AM"
EUVD-2025-14472,"CVE-2025-29964, ",8.8,High,"Windows Server 2019, Windows 11 Version 23H2, Windows 10 Version 1809, Windows 11 version 22H3, Windows Server 2022, Windows Server 2025, Windows 10 Version 22H2, Windows 11 version 22H2, Windows Server 2022, 23H2 Edition (Server Core installation), Windows 10 Version 21H2, Windows Server 2019 (Server Core installation), Windows 11 Version 24H2, Windows Server 2025 (Server Core installation)",Microsoft,Heap-based buffer overflow in Windows Media allows an unauthorized attacker to execute code over a network.,"May 17, 2025, 2:32:21 AM"
EUVD-2025-14474,"CVE-2025-29959, ",6.5,Medium,"Windows 11 Version 23H2, Windows 10 Version 1507, Windows Server 2008  Service Pack 2, Windows 10 Version 1607, Windows Server 2016, Windows Server 2008 R2 Service Pack 1, Windows 10 Version 21H2, Windows Server 2025 (Server Core installation), Windows Server 2022, 23H2 Edition (Server Core installation), Windows 11 version 22H3, Windows Server 2016 (Server Core installation), Windows Server 2022, Windows Server 2008 Service Pack 2, Windows Server 2025, Windows 10 Version 1809, Windows Server 2019, Windows Server 2008 Service Pack 2 (Server Core installation), Windows Server 2008 R2 Service Pack 1 (Server Core installation), Windows Server 2012 R2 (Server Core installation), Windows Server 2012 R2, Windows 10 Version 22H2, Windows Server 2012, Windows 11 Version 24H2, Windows 11 version 22H2, Windows Server 2012 (Server Core installation), Windows Server 2019 (Server Core installation)",Microsoft,Use of uninitialized resource in Windows Routing and Remote Access Service (RRAS) allows an unauthorized attacker to disclose information over a network.,"May 17, 2025, 2:32:20 AM"
EUVD-2025-14473,"CVE-2025-29960, ",6.5,Medium,"Windows Server 2012, Windows Server 2008 Service Pack 2, Windows Server 2008  Service Pack 2, Windows Server 2008 R2 Service Pack 1 (Server Core installation), Windows Server 2008 Service Pack 2 (Server Core installation), Windows Server 2025 (Server Core installation), Windows 11 Version 24H2, Windows Server 2025, Windows Server 2019, Windows Server 2008 R2 Service Pack 1, Windows Server 2012 R2, Windows 11 version 22H3, Windows Server 2012 (Server Core installation), Windows 11 Version 23H2, Windows Server 2022, 23H2 Edition (Server Core installation), Windows 10 Version 21H2, Windows 10 Version 1809, Windows Server 2022, Windows Server 2012 R2 (Server Core installation), Windows Server 2016, Windows Server 2019 (Server Core installation), Windows 10 Version 1607, Windows 11 version 22H2, Windows 10 Version 22H2, Windows Server 2016 (Server Core installation), Windows 10 Version 1507",Microsoft,Out-of-bounds read in Windows Routing and Remote Access Service (RRAS) allows an unauthorized attacker to disclose information over a network.,"May 17, 2025, 2:32:20 AM"
EUVD-2025-10211,"CVE-2025-26673, GHSA-pqgf-8vrh-rr46, ",7.5,High,"Windows Server 2012 (Server Core installation), Windows Server 2025 (Server Core installation), Windows Server 2022, Windows Server 2022, Windows Server 2019 (Server Core installation), Windows 11 version 22H2, Windows Server 2016, Windows Server 2016, Windows 10 Version 1809, Windows Server 2008  Service Pack 2, Windows Server 2008 R2 Service Pack 1, Windows Server 2008 Service Pack 2, Windows Server 2008 R2 Service Pack 1 (Server Core installation), Windows 11 Version 23H2, Windows Server 2016 (Server Core installation), Windows Server 2019, Windows 11 version 22H3, Windows 10 Version 1607, Windows 11 version 22H2, Windows Server 2019 (Server Core installation), Windows Server 2022, 23H2 Edition (Server Core installation), Windows Server 2012 R2, Windows 11 Version 24H2, Windows Server 2016 (Server Core installation), Windows 10 Version 21H2, Windows Server 2019, Windows 11 Version 23H2, Windows 10 Version 1507, Windows 11 version 22H3, Windows 10 Version 21H2, Windows Server 2012, Windows Server 2012 R2 (Server Core installation), Windows 10 Version 1507, Windows Server 2008 Service Pack 2 (Server Core installation), Windows Server 2025, Windows 10 Version 1607, Windows 10 Version 1809, Windows 10 Version 22H2",Microsoft,Uncontrolled resource consumption in Windows LDAP - Lightweight Directory Access Protocol allows an unauthorized attacker to deny service over a network.,"May 16, 2025, 3:56:37 PM"
EUVD-2025-10239,"CVE-2025-24062, GHSA-xc3h-9j86-jpjh, ",7.8,High,"Windows 11 Version 23H2, Windows 11 version 22H3, Windows Server 2022, 23H2 Edition (Server Core installation), Windows 11 version 22H2, Windows 11 version 22H2, Windows 10 Version 21H2, Windows Server 2022, Windows 10 Version 22H2, Windows 10 Version 21H2, Windows 11 Version 23H2, Windows Server 2025, Windows 11 version 22H3, Windows 11 Version 24H2, Windows Server 2025 (Server Core installation), Windows Server 2022",Microsoft,Improper input validation in Windows DWM Core Library allows an authorized attacker to elevate privileges locally.,"May 16, 2025, 3:56:31 PM"
EUVD-2025-10248,"CVE-2025-24060, GHSA-2gwg-wcpq-6h7g, ",7.8,High,"Windows 10 Version 22H2, Windows Server 2019, Windows 11 version 22H3, Windows 10 Version 1809, Windows 11 Version 23H2, Windows 11 version 22H3, Windows Server 2022, 23H2 Edition (Server Core installation), Windows Server 2025, Windows Server 2022, Windows Server 2022, Windows 11 Version 23H2, Windows Server 2019 (Server Core installation), Windows Server 2019, Windows 11 Version 24H2, Windows 10 Version 21H2, Windows Server 2019 (Server Core installation), Windows 11 version 22H2, Windows Server 2025 (Server Core installation), Windows 10 Version 21H2, Windows 11 version 22H2, Windows 10 Version 1809",Microsoft,Improper input validation in Windows DWM Core Library allows an authorized attacker to elevate privileges locally.,"May 16, 2025, 3:56:30 PM"
EUVD-2025-10124,"CVE-2025-29810, GHSA-6hhr-6xwm-4f6j, ",7.5,High,"Windows Server 2012 R2, Windows Server 2008 R2 Service Pack 1 (Server Core installation), Windows 10 Version 1507, Windows Server 2022, Windows Server 2008  Service Pack 2, Windows 11 version 22H3, Windows 11 version 22H3, Windows Server 2019, Windows Server 2019 (Server Core installation), Windows 10 Version 1809, Windows 10 Version 1507, Windows 11 Version 23H2, Windows Server 2016, Windows Server 2008 Service Pack 2 (Server Core installation), Windows Server 2019 (Server Core installation), Windows Server 2019, Windows Server 2012 R2 (Server Core installation), Windows 11 version 22H2, Windows Server 2016, Windows 10 Version 21H2, Windows Server 2016 (Server Core installation), Windows 10 Version 1809, Windows 10 Version 22H2, Windows Server 2008 Service Pack 2, Windows Server 2025 (Server Core installation), Windows Server 2016 (Server Core installation), Windows Server 2022, Windows 10 Version 21H2, Windows Server 2022, 23H2 Edition (Server Core installation), Windows 10 Version 1607, Windows 11 Version 23H2, Windows 11 version 22H2, Windows Server 2008 R2 Service Pack 1, Windows 11 Version 24H2, Windows Server 2012 (Server Core installation), Windows 10 Version 1607, Windows Server 2012, Windows Server 2025",Microsoft,Improper access control in Active Directory Domain Services allows an authorized attacker to elevate privileges over a network.,"May 16, 2025, 3:56:26 PM"
EUVD-2024-20636,"CVE-2024-23111, GSD-2024-23111, ",6.2,Medium,"FortiProxy, FortiProxy, FortiOS, FortiOS, FortiProxy, FortiOS",Fortinet,"An improper neutralization of input during web page Generation ('Cross-site Scripting') vulnerability [CWE-79] in FortiOS version 7.4.3 and below, 7.2 all versions, 7.0 all versions and FortiProxy version 7.4.2 and below, 7.2 all versions, 7.0 all versions reboot page may allow a remote privileged attacker with super-admin access to execute JavaScript code via crafted HTTP GET requests.","May 1, 2025, 3:55:29 AM"
EUVD-2024-23306,"CVE-2024-26010, GSD-2024-26010, ",6.7,Medium,"FortiProxy, FortiOS, FortiSwitchManager, FortiOS, FortiPAM, FortiProxy, FortiOS, FortiOS, FortiProxy, FortiProxy, FortiOS, FortiSwitchManager, FortiProxy, FortiPAM, FortiOS, FortiProxy, FortiPAM, FortiProxy",Fortinet,"A stack-based buffer overflow in Fortinet FortiPAM version 1.2.0, 1.1.0 through 1.1.2, 1.0.0 through 1.0.3, FortiWeb, FortiAuthenticator, FortiSwitchManager version 7.2.0 through 7.2.3, 7.0.1 through 7.0.3, FortiOS version 7.4.0 through 7.4.3, 7.2.0 through 7.2.7, 7.0.0 through 7.0.14, 6.4.0 through 6.4.15, 6.2.0 through 6.2.16, 6.0.0 through 6.0.18, FortiProxy version 7.4.0 through 7.4.2, 7.2.0 through 7.2.9, 7.0.0 through 7.0.15, 2.0.0 through 2.0.13, 1.2.0 through 1.2.13, 1.1.0 through 1.1.6, 1.0.0 through 1.0.7 allows attacker to execute unauthorized code or commands via specially crafted packets.","May 1, 2025, 3:55:28 AM"
EUVD-2024-19368,"CVE-2024-21754, GSD-2024-21754, ",1.7,Low,"FortiProxy, FortiOS, FortiProxy, FortiProxy, FortiOS, FortiOS, FortiOS, FortiProxy",Fortinet,"A use of password hash with insufficient computational effort vulnerability [CWE-916] affecting FortiOS version 7.4.3 and below, 7.2 all versions, 7.0 all versions, 6.4 all versions and FortiProxy version 7.4.2 and below, 7.2 all versions, 7.0 all versions, 2.0 all versions may allow a privileged attacker with super-admin profile and CLI access to decrypting the backup file.","May 1, 2025, 3:55:28 AM"
EUVD-2023-50904,"CVE-2023-46720, GSD-2023-46720, ",6.3,Medium,"FortiOS, FortiOS, FortiOS, FortiOS, FortiOS, FortiOS",Fortinet,A stack-based buffer overflow in Fortinet FortiOS version 7.4.0 through 7.4.1 and 7.2.0 through 7.2.7 and 7.0.0 through 7.0.12 and 6.4.6 through 6.4.15 and 6.2.9 through 6.2.16 and 6.0.13 through 6.0.18 allows attacker to execute unauthorized code or commands via specially crafted CLI commands.,"May 1, 2025, 3:55:28 AM"
EUVD-2023-29551,"CVE-2023-25610, GSD-2023-25610, ",9.3,Critical,"FortiOS, FortiOS, FortiOS-6K7K, FortiOS, FortiProxy, FortiProxy, FortiOS-6K7K, FortiAnalyzer, FortiOS, FortiManager, FortiWeb, FortiAnalyzer, FortiAnalyzer, FortiWeb, FortiOS-6K7K, FortiOS-6K7K, FortiProxy, FortiWeb, FortiManager, FortiManager, FortiWeb, FortiOS-6K7K, FortiOS, FortiWeb, FortiProxy, FortiManager, FortiOS-6K7K, FortiManager, FortiWeb, FortiOS, FortiOS-6K7K, FortiOS-6K7K, FortiOS-6K7K, FortiSwitchManager, FortiOS, FortiAnalyzer, FortiProxy, FortiAnalyzer, FortiOS, FortiOS, FortiOS-6K7K, FortiSwitchManager",Fortinet,"A buffer underwrite ('buffer underflow') vulnerability in the administrative interface of Fortinet FortiOS version 7.2.0 through 7.2.3, version 7.0.0 through 7.0.6, version 6.4.0 through 6.4.11 and version 6.2.12 and below, FortiProxy version 7.2.0 through 7.2.2, version 7.0.0 through 7.0.8, version 2.0.12 and below and FortiOS-6K7K version 7.0.5, version 6.4.0 through 6.4.10 and version 6.2.0 through 6.2.10 and below allows a remote unauthenticated attacker to execute arbitrary code or commands via specifically crafted requests.","Mar 24, 2025, 6:42:44 PM"
EUVD-2025-7234,"CVE-2019-16151, GHSA-c55x-8r3h-3586, ",4.7,Medium,"FortiOS, FortiOS",Fortinet,"An improper neutralization of input during web page generation vulnerability [CWE-79] in FortiOS 6.4.1 and below, 6.2.9 and below may allow a remote unauthenticated attacker to either redirect users to malicious websites via a crafted ""Host"" header or to execute JavaScript code in the victim's browser context. This happens when the FortiGate has web filtering and category override enabled/configured.","Mar 21, 2025, 4:22:17 PM"
EUVD-2025-3725,"CVE-2025-24472, ",8.1,High,"FortiProxy, FortiOS, FortiProxy",Fortinet,"An Authentication Bypass Using an Alternate Path or Channel vulnerability [CWE-288] affecting FortiOS 7.0.0 through 7.0.16 and FortiProxy 7.2.0 through 7.2.12, 7.0.0 through 7.0.19 may allow a remote attacker to gain super-admin privileges via crafted CSF proxy requests.","Mar 19, 2025, 9:30:44 PM"
EUVD-2019-16255,"CVE-2019-6697, GSD-2019-6697, ",5.2,Medium,FortiOS,Fortinet,"An Improper Neutralization of Input vulnerability affecting FortiGate version 6.2.0 through 6.2.1, 6.0.0 through 6.0.6 in the hostname parameter of a DHCP packet under DHCP monitor page may allow an unauthenticated attacker in the same network as the FortiGate to perform a Stored Cross Site Scripting attack (XSS) by sending a crafted DHCP packet.","Mar 17, 2025, 5:56:56 PM"
EUVD-2025-6592,"CVE-2019-15706, GHSA-c369-gmg5-w8pw, ",4.0,Medium,"FortiOS, FortiProxy, FortiProxy, FortiOS, FortiOS",Fortinet,"An improper neutralization of input during web page generation in the SSL VPN portal of FortiProxy version 2.0.0, version 1.2.9 and below and FortiOS version 6.2.1 and below, version 6.0.8 and below, version 5.6.12 may allow a remote authenticated attacker to perform a stored cross site scripting attack (XSS).","Mar 17, 2025, 1:53:31 PM"
EUVD-2020-21392,"CVE-2020-29010, GSD-2020-29010, ",4.9,Medium,"FortiOS, FortiOS",Fortinet,"An exposure of sensitive information to an unauthorized actor vulnerability in FortiOS version 6.2.4 and below, version 6.0.10 and belowmay allow remote authenticated actors to read the SSL VPN events log entries of users in other VDOMs by  executing ""get vpn ssl monitor"" from the CLI. The sensitive data includes usernames, user groups, and IP address.","Mar 17, 2025, 1:32:38 PM"
EUVD-2024-23302,"CVE-2024-26006, GSD-2024-26006, ",6.9,Medium,"FortiOS, FortiProxy, FortiOS, FortiProxy, FortiOS, FortiOS, FortiProxy",Fortinet,"An improper neutralization of input during web page Generation vulnerability [CWE-79] in FortiOS version 7.4.3 and below, version 7.2.7 and below, version 7.0.13 and below and FortiProxy version 7.4.3 and below, version 7.2.9 and below, version 7.0.16 and below web SSL VPN UI may allow a remote unauthenticated attacker to perform a Cross-Site Scripting attack via a malicious samba server.","Mar 14, 2025, 1:09:27 PM"
EUVD-2024-50308,"CVE-2024-9420, ",8.8,High,"Policy Secure, Connect Secure",Ivanti,A use-after-free in Ivanti Connect Secure before version 22.7R2.3 and 9.1R18.9   and Ivanti Policy Secure before version 22.7R1.2 allows a remote authenticated attacker to achieve remote code execution,"Mar 13, 2025, 3:31:10 PM"
EUVD-2024-54211,"CVE-2024-45324, ",7.0,High,"FortiProxy, FortiOS, FortiPAM, FortiWeb, FortiPAM, FortiPAM, FortiPAM, FortiSRA, FortiWeb, FortiOS, FortiProxy, FortiWeb, FortiPAM, FortiOS, FortiProxy, FortiOS, FortiProxy, FortiWeb, FortiOS",Fortinet,"A use of externally-controlled format string vulnerability [CWE-134] in FortiOS version 7.4.0 through 7.4.4, version 7.2.0 through 7.2.9, version 7.0.0 through 7.0.15 and before 6.4.15, FortiProxy version 7.4.0 through 7.4.6, version 7.2.0 through 7.2.12 and before 7.0.19, FortiPAM version 1.4.0 through 1.4.2 and before 1.3.1, FortiSRA version 1.4.0 through 1.4.2 and before 1.3.1 and FortiWeb version 7.4.0 through 7.4.5, version 7.2.0 through 7.2.10 and before 7.0.10 allows a privileged attacker to execute unauthorized code or commands via specially crafted HTTP or HTTPS commands.","Mar 12, 2025, 4:00:50 AM"
EUVD-2024-52819,"CVE-2024-55591, ",9.6,Critical,"FortiOS, FortiProxy, FortiProxy",Fortinet,An Authentication Bypass Using an Alternate Path or Channel vulnerability [CWE-288] affecting FortiOS version 7.0.0 through 7.0.16 and FortiProxy version 7.0.0 through 7.0.19 and 7.2.0 through 7.2.12 allows a remote attacker to gain super-admin privileges via crafted requests to Node.js websocket module.,"Jan 23, 2025, 4:55:42 AM"
EUVD-2022-28514,"CVE-2022-23439, GSD-2022-23439, ",4.1,Medium,"FortiMail, FortiSwitch, FortiOS, FortiAuthenticator, FortiADC, FortiADC, FortiSOAR, FortiTester, FortiNDR, FortiSOAR, FortiManager, FortiManager, FortiSOAR, FortiVoice, FortiAnalyzer, FortiADC, FortiDDoS, FortiDDoS-F, FortiTester, FortiTester, FortiTester, FortiTester, FortiNDR, FortiWLC, FortiMail, FortiDDoS, FortiAuthenticator, FortiProxy, FortiRecorder, FortiOS, FortiManager, FortiRecorder, FortiProxy, FortiAnalyzer, FortiTester, FortiADC, FortiNDR, FortiDDoS, FortiADC, FortiAnalyzer, FortiMail, FortiManager, FortiSwitch, FortiOS, FortiDDoS, FortiAuthenticator, FortiMail, FortiDDoS, FortiNDR, FortiDDoS-F, FortiAuthenticator, FortiNDR, FortiWLC, FortiRecorder, FortiADC, FortiWLC, FortiTester, FortiNDR, FortiMail, FortiDDoS, FortiAnalyzer, FortiADC, FortiTester, FortiADC, FortiOS, FortiDDoS, FortiAuthenticator, FortiWLC, FortiSwitch, FortiAnalyzer, FortiNDR, FortiAuthenticator, FortiVoice, FortiTester, FortiPortal, FortiTester, FortiTester, FortiAuthenticator, FortiProxy, FortiRecorder, FortiAuthenticator, FortiOS, FortiSwitch, FortiAuthenticator, FortiSOAR, FortiVoice, FortiDDoS-F, FortiOS, FortiManager, FortiTester, FortiADC, FortiAuthenticator, FortiDDoS, FortiProxy, FortiTester, FortiMail, FortiProxy, FortiNDR, FortiDDoS",Fortinet,"A externally controlled reference to a resource in another sphere in Fortinet FortiManager before version 7.4.3, FortiMail before version 7.0.3, FortiAnalyzer before version 7.4.3, FortiVoice version 7.0.0, 7.0.1 and before 6.4.8, FortiProxy before version 7.0.4, FortiRecorder version 6.4.0 through 6.4.2 and before 6.0.10, FortiAuthenticator version 6.4.0 through 6.4.1 and before 6.3.3, FortiNDR version 7.2.0 before 7.1.0, FortiWLC before version 8.6.4, FortiPortal before version 6.0.9, FortiOS version 7.2.0 and before 7.0.5, FortiADC version 7.0.0 through 7.0.1 and before 6.2.3 , FortiDDoS before version 5.5.1, FortiDDoS-F before version 6.3.3, FortiTester before version 7.2.1, FortiSOAR before version 7.2.2 and FortiSwitch before version 6.3.3 allows attacker to poison web caches via crafted HTTP requests, where the `Host` header points to an arbitrary webserver","Jan 22, 2025, 2:21:36 PM"
EUVD-2024-43232,"CVE-2024-48884, ",7.1,High,"FortiOS, FortiProxy, FortiOS, FortiProxy, FortiOS, FortiOS, FortiProxy, FortiOS, FortiProxy, FortiProxy, FortiProxy, FortiManager, FortiProxy, FortiManager",Fortinet,"A improper limitation of a pathname to a restricted directory ('path traversal') in Fortinet FortiManager versions 7.6.0 through 7.6.1, 7.4.1 through 7.4.3, FortiOS versions 7.6.0, 7.4.0 through 7.4.4, 7.2.5 through 7.2.9, 7.0.0 through 7.0.15, 6.4.0 through 6.4.15, FortiProxy 7.4.0 through 7.4.5, 7.2.0 through 7.2.11, 7.0.0 through 7.0.18, 2.0.0 through 2.0.14, 1.2.0 through 1.2.13, 1.1.0 through 1.1.6, 1.0.0 through 1.0.7, FortiManager Cloud versions 7.4.1 through 7.4.3 allows attacker to trigger an escalation of privilege via specially crafted packets.","Jan 16, 2025, 4:15:35 PM"
EUVD-2025-4556,"CVE-2024-38657, GHSA-gj4j-xh74-gvw8, ",9.1,Critical,"Connect Secure, Policy Secure",Ivanti,External control of a file name in Ivanti Connect Secure before version 22.7R2.4 and Ivanti Policy Secure before version 22.7R1.3 allows a remote authenticated attacker with admin privileges to write arbitrary files.,"Feb 21, 2025, 3:51:34 PM"
EUVD-2025-1580,"CVE-2025-0282, ",9.0,Critical,"Connect Secure, Neurons for ZTA gateways, Policy Secure",Ivanti,"A stack-based buffer overflow in Ivanti Connect Secure before version 22.7R2.5, Ivanti Policy Secure before version 22.7R1.2, and Ivanti Neurons for ZTA gateways before version 22.7R2.3 allows a remote unauthenticated attacker to achieve remote code execution.","Feb 20, 2025, 10:30:58 PM"
EUVD-2024-42217,"CVE-2024-46666, ",4.8,Medium,"FortiOS, FortiOS, FortiOS, FortiOS, FortiOS",Fortinet,"An allocation of resources without limits or throttling [CWE-770] vulnerability in FortiOS versions 7.6.0, versions 7.4.4 through 7.4.0, 7.2 all versions, 7.0 all versions, 6.4 all versions may allow a remote unauthenticated attacker to prevent access to the GUI via specially crafted requests directed at specific endpoints.","Feb 18, 2025, 9:39:30 PM"
EUVD-2024-36358,"CVE-2024-36504, ",6.2,Medium,"FortiOS, FortiOS, FortiOS, FortiOS",Fortinet,"An out-of-bounds read vulnerability [CWE-125] in FortiOS SSLVPN web portal versions 7.4.0 through 7.4.4, versions 7.2.0 through 7.2.8, 7.0 all verisons, and 6.4 all versions may allow an authenticated attacker to perform a denial of service on the SSLVPN web portal via a specially crafted URL.","Feb 18, 2025, 9:38:19 PM"
EUVD-2025-4981,"CVE-2024-40591, GHSA-hmpg-p67j-959p, ",8.0,High,"FortiOS, FortiOS, FortiOS, FortiOS, FortiOS",Fortinet,"An incorrect privilege assignment vulnerability [CWE-266] in Fortinet FortiOS version 7.6.0, 7.4.0 through 7.4.4, 7.2.0 through 7.2.9 and before 7.0.15 allows an authenticated admin whose access profile has the Security Fabric permission to escalate their privileges to super-admin by connecting the targetted FortiGate to a malicious upstream FortiGate they control.","Feb 14, 2025, 4:55:21 AM"
EUVD-2025-4982,"CVE-2024-35279, GHSA-8ccx-r52j-39f8, ",7.7,High,"FortiOS, FortiOS",Fortinet,"A stack-based buffer overflow [CWE-121] vulnerability in Fortinet FortiOS version 7.2.4 through 7.2.8 and version 7.4.0 through 7.4.4 allows a remote unauthenticated attacker to execute arbitrary code or commands via crafted UDP packets through the CAPWAP control, provided the attacker were able to evade FortiOS stack protections and provided the fabric service is running on the exposed interface.","Feb 14, 2025, 4:55:19 AM"
EUVD-2025-4985,"CVE-2024-10644, GHSA-38pv-jq7m-mrw3, ",9.1,Critical,"Policy Secure, Connect Secure",Ivanti,Code injection in Ivanti Connect Secure before version 22.7R2.4 and Ivanti Policy Secure before version 22.7R1.3 allows a remote authenticated attacker with admin privileges to achieve remote code execution.,"Feb 13, 2025, 4:55:16 AM"
EUVD-2025-2777,"CVE-2025-22467, ",9.9,Critical,Connect Secure,Ivanti,A stack-based buffer overflow in Ivanti Connect Secure before version 22.7R2.6 allows a remote authenticated attacker to achieve remote code execution.,"Feb 13, 2025, 4:55:15 AM"
EUVD-2023-45275,"CVE-2023-40721, GSD-2023-40721, ",6.3,Medium,"FortiPAM, FortiOS, FortiProxy, FortiProxy, FortiOS, FortiSwitchManager, FortiOS, FortiPAM, FortiProxy, FortiSwitchManager, FortiOS, FortiProxy, FortiProxy, FortiOS",Fortinet,"A use of externally-controlled format string vulnerability [CWE-134] in Fortinet FortiOS version 7.4.0 through 7.4.1 and before 7.2.6, FortiProxy version 7.4.0 and before 7.2.7, FortiPAM version 1.1.2 and before 1.0.3, FortiSwitchManager version 7.2.0 through 7.2.2 and before 7.0.2 allows a privileged attacker to execute arbitrary code or commands via specially crafted requests.","Feb 12, 2025, 3:52:51 PM"
EUVD-2024-51761,"CVE-2024-13843, ",6.0,Medium,"Policy Secure, Connect Secure",Ivanti,Cleartext storage of information in Ivanti Connect Secure before version 22.7R2.6 and Ivanti Policy Secure before version 22.7R1.3 allows a local authenticated attacker with admin privileges to read sensitive data.,"Feb 11, 2025, 4:00:53 PM"
EUVD-2024-51760,"CVE-2024-13842, ",6.0,Medium,"Connect Secure, Policy Secure",Ivanti,A hardcoded key in Ivanti Connect Secure before version 22.7R2.3 and Ivanti Policy Secure before version 22.7R1.3 allows a local authenticated attacker with admin privileges to read sensitive data.,"Feb 11, 2025, 4:00:24 PM"
EUVD-2024-51757,"CVE-2024-13830, ",6.1,Medium,"Policy Secure, Connect Secure",Ivanti,Reflected XSS in Ivanti Connect Secure before version 22.7R2.6 and Ivanti Policy Secure before version 22.7R1.3 allows a remote unauthenticated attacker to obtain admin privileges. User interaction is required.,"Feb 11, 2025, 3:35:20 PM"
EUVD-2024-50563,"CVE-2024-12058, ",6.8,Medium,"Policy Secure, Connect Secure",Ivanti,External control of a file name in Ivanti Connect Secure before version 22.7R2.6 and Ivanti Policy Secure before version 22.7R1.3 allows a remote authenticated attacker with admin privileges to read arbitrary files.,"Feb 11, 2025, 3:35:20 PM"
EUVD-2024-29943,"CVE-2024-32122, GSD-2024-32122, ",2.1,Low,"FortiOS, FortiOS, FortiOS, FortiOS",Fortinet,A storing passwords in a recoverable format in Fortinet FortiOS versions 7.2.0 through 7.2.1 allows attacker to information disclosure via modification of LDAP server IP to point to a malicious server.,"Apr 8, 2025, 2:32:01 PM"
EUVD-2023-41783,"CVE-2023-37930, GSD-2023-37930, ",6.7,Medium,"FortiProxy, FortiProxy, FortiOS, FortiOS, FortiOS, FortiOS",Fortinet,"Multiple issues including the use of uninitialized ressources [CWE-908] and excessive iteration [CWE-834] vulnerabilities in Fortinet FortiOS SSL VPN webmode version 7.4.0, version 7.2.0 through 7.2.5, version 7.0.1 through 7.0.11 and version 6.4.7 through 6.4.14 and Fortinet FortiProxy SSL VPN webmode version 7.2.0 through 7.2.6 and version 7.0.0 through 7.0.12 allows a VPN user to corrupt memory potentially leading to code or commands execution via specifically crafted requests.","Apr 8, 2025, 2:27:09 PM"
EUVD-2024-23309,"CVE-2024-26013, GSD-2024-26013, ",7.1,High,"FortiManager, FortiManager, FortiOS, FortiProxy, FortiManager, FortiProxy, FortiOS, FortiManager, FortiManager, FortiOS, FortiProxy, FortiProxy, FortiOS, FortiOS",Fortinet,"A improper restriction of communication channel to intended endpoints vulnerability [CWE-923] in Fortinet FortiOS version 7.4.0 through 7.4.4, 7.2.0 through 7.2.8, 7.0.0 through 7.0.15, 6.4.0 through 6.4.15 and before 6.2.16, Fortinet FortiProxy version 7.4.0 through 7.4.2, 7.2.0 through 7.2.9 and before 7.0.15, Fortinet FortiManager version 7.4.0 through 7.4.2, 7.2.0 through 7.2.4, 7.0.0 through 7.0.11, 6.4.0 through 6.4.14 and before 6.2.13, Fortinet FortiAnalyzer version 7.4.0 through 7.4.2, 7.2.0 through 7.2.4, 7.0.0 through 7.0.11, 6.4.0 through 6.4.14 and before 6.2.13, Fortinet FortiVoice version 7.0.0 through 7.0.2 before 6.4.8 and Fortinet FortiWeb before 7.4.2 may allow an unauthenticated attacker in a man-in-the-middle position to impersonate the management device (FortiCloud server or/and in certain conditions, FortiManager), via intercepting the FGFM authentication request between the management device and the managed device","Apr 8, 2025, 2:24:44 PM"
EUVD-2025-10305,"CVE-2024-50565, GHSA-j94p-gv3v-cg5q, ",3.0,Low,"FortiAnalyzer, FortiWeb, FortiOS, FortiVoice, FortiAnalyzer, FortiAnalyzer, FortiWeb, FortiOS, FortiVoice, FortiOS, FortiWeb, FortiAnalyzer, FortiVoice, FortiOS, FortiAnalyzer, FortiOS",Fortinet,"A improper restriction of communication channel to intended endpoints vulnerability [CWE-923] in Fortinet FortiOS version 7.4.0 through 7.4.3, 7.2.0 through 7.2.7, 7.0.0 through 7.0.14, 6.4.0 through 6.4.15 and 6.2.0 through 6.2.16, Fortinet FortiProxy version 7.4.0 through 7.4.2, 7.2.0 through 7.2.9, 7.0.0 through 7.0.15 and 2.0.0 through 2.0.14, Fortinet FortiManager version 7.4.0 through 7.4.2, 7.2.0 through 7.2.4, 7.0.0 through 7.0.11, 6.4.0 through 6.4.14 and 6.2.0 through 6.2.13, Fortinet FortiAnalyzer version 7.4.0 through 7.4.2, 7.2.0 through 7.2.4, 7.0.0 through 7.0.11, 6.4.0 through 6.4.14 and 6.2.0 through 6.2.13, Fortinet FortiVoice version 7.0.0 through 7.0.2, 6.4.0 through 6.4.8 and 6.0.0 through 6.0.12 and Fortinet FortiWeb version 7.4.0 through 7.4.2, 7.2.0 through 7.2.10, 7.0.0 through 7.0.10 allows an unauthenticated attacker in a man-in-the-middle position to impersonate the management device (FortiCloud server or/and in certain conditions, FortiManager), via intercepting the FGFM authentication request between the management device and the managed device","Apr 8, 2025, 2:22:56 PM"
EUVD-2024-33604,"CVE-2024-11004, ",6.1,Medium,"Connect Secure, Policy Secure",Ivanti,Reflected XSS in Ivanti Connect Secure before version 22.7R2.1 and Ivanti Policy Secure before version 22.7R1.1 allows a remote unauthenticated attacker to obtain admin privileges. User interaction is required.,"Apr 4, 2025, 2:34:21 PM"
EUVD-2025-9646,"CVE-2025-22457, GHSA-jjr5-fpcg-gc53, ",9.0,Critical,"Neurons for ZTA gateways, Connect Secure, Policy Secure",Ivanti,"A stack-based buffer overflow in Ivanti Connect Secure before version 22.7R2.6, Ivanti Policy Secure before version 22.7R1.4, and Ivanti ZTA Gateways before version 22.8R2.2 allows a remote unauthenticated attacker to achieve remote code execution.","Apr 24, 2025, 3:55:16 AM"
EUVD-2024-19376,"CVE-2024-21762, GSD-2024-21762, ",9.6,Critical,"FortiOS, FortiOS, FortiProxy, FortiProxy, FortiOS, FortiOS, FortiProxy, FortiProxy, FortiOS, FortiProxy, FortiProxy, FortiOS, FortiProxy, FortiOS, FortiProxy",Fortinet,"A out-of-bounds write in Fortinet FortiOS versions 7.4.0 through 7.4.2, 7.2.0 through 7.2.6, 7.0.0 through 7.0.13, 6.4.0 through 6.4.14, 6.2.0 through 6.2.15, 6.0.0 through 6.0.17, FortiProxy versions 7.4.0 through 7.4.2, 7.2.0 through 7.2.8, 7.0.0 through 7.0.14, 2.0.0 through 2.0.13, 1.2.0 through 1.2.13, 1.1.0 through 1.1.6, 1.0.0 through 1.0.7 allows attacker to execute unauthorized code or commands via specifically crafted requests","Apr 24, 2025, 3:49:22 PM"
